,repository_name,language
0,.github,
1,aioshumway,Python
2,android-auth,HTML
3,android-sdk,HTML
4,android-store-service,Python
5,annoy,C++
6,annoy-java,Java
7,apollo,Java
8,apollo-elide,Java
9,apollo-metrics,
10,apps-tutorial,
11,argo-rollouts,
12,async-datastore-client,Java
13,async-google-pubsub-client,Java
14,backup-utils,Shell
15,basic-pitch,Python
16,basic-pitch-ts,TypeScript
17,batty,Python
18,bazel,
19,bazel-tools,Java
20,beam,Java
21,big-data-rosetta-code,Scala
22,bigtable-autoscaler,Java
23,boilerplate-app,
24,bucket-runner,JavaScript
25,cartography,Python
26,cassandra-extra,Java
27,cassandra-medusa,Python
28,cassandra-opstools,Java
29,cassandra-reaper,
30,causify,
31,certcheck,Python
32,chartify,Python
33,code-of-conduct,
34,collectd,C
35,comet,Python
36,comet-common,Python
37,comet-core,Python
38,completable-futures,Java
39,condor,Java
40,confidence,Python
41,confidence-sdk-android,Kotlin
42,confidence-sdk-flutter,Dart
43,confidence-sdk-go,Go
44,confidence-sdk-java,Java
45,confidence-sdk-js,TypeScript
46,confidence-sdk-python,Python
47,confidence-sdk-rust,Rust
48,confidence-sdk-swift,Swift
49,container-agent,Python
50,conversion-api-tag-template,Smarty
51,cookiecutter-golang,Go
52,coordinator,HTML
53,crtauth,Python
54,crtauth-java,Java
55,crtauth-java-agent-signer-apache,Java
56,crunch-lib,Java
57,cstar,Python
58,daemon-java,Java
59,dataenum,Java
60,DataflowJavaSDK,Java
61,dataproc-java-submitter,Java
62,dataprocxy,Python
63,dbeam,Java
64,debify,Shell
65,dh-virtualenv,Python
66,diffuser,Swift
67,dns-java,Java
68,docgenerator,Java
69,docker-alpine,
70,docker-bigtable,Go
71,docker-cassandra,Shell
72,docker-client,Java
73,docker-gc,Shell
74,docker-kafka,Shell
75,docker-maven-plugin,Java
76,docker-stress,Python
77,dockerfile-maven,Java
78,dockerfile-mode,Emacs Lisp
79,docker_interface,Python
80,drserv,Python
81,druid,
82,duck,Ruby
83,echoprint-codegen,C++
84,echoprint-server,Java
85,elasticsearch-index-window,Java
86,elitzur,Scala
87,eslint-config-oss,JavaScript
88,etcd,Go
89,featran,Scala
90,ffwd,Java
91,ffwd-client-java,Java
92,ffwd-http-client,Java
93,ffwd-ruby,Ruby
94,flink,Java
95,flink-docker,
96,flink-on-k8s-operator,Go
97,flo,Java
98,flume-syslog-source2,Java
99,flyte-flink-plugin,Go
100,fmt-maven-plugin,Java
101,folsom,Java
102,foss-root,
103,futures-extra,Java
104,futuristic-feline,Java
105,gcp-audit,Python
106,gcp-aws-iam-federation-webidentity,HCL
107,gcp-firewall-enforcer,Python
108,gcs-tools,Scala
109,ghelog,Python
110,gimme,Python
111,git-test,Shell
112,github-java-client,Java
113,google-http-java-client,Java
114,gordon,Python
115,gordon-gcp,Python
116,gordon-introspection,Python
117,gordon-janitor,Python
118,gordon-janitor-gcp,Python
119,griffin,Python
120,hadoop-openpgp-codec,Java
121,hdfs2cass,Java
122,helios,Java
123,helios-go,Go
124,helios-skydns,Java
125,heroic,Java
126,heroic-client-go,Go
127,heroic-client-java,Java
128,homebrew-public,Ruby
129,hornet,Scala
130,HubFramework,Objective-C
131,hush-tab,JavaScript
132,hype,Java
133,hyperflo,Scala
134,ieee-spm-vocals-tutorial,Jupyter Notebook
135,ios-auth,Objective-C
136,ios-ci,Shell
137,ios-sdk,Objective-C
138,ios-style,
139,java-hamcrest,Java
140,java-lkk,Java
141,java-locales,Java
142,jenkins-coverage-poster,Groovy
143,jira-lkk-bridge,Java
144,JniHelpers,C++
145,jsconfeu-2013,JavaScript
146,kafka,Scala
147,kairosdb,Java
148,kernel-common,
149,klio,Python
